City_ID,City,Country,Lat,Lng,Max Temp,Humidity,Cloudiness,Wind Speed,Current Description
0,Salamiyah,SY,35.0113,37.0532,58.42,34,18,5.12,few clouds
1,Chokurdakh,RU,70.6333,147.9167,-10.41,97,83,8.7,broken clouds
2,Zhigansk,RU,66.7697,123.3711,-3.1,93,85,14.83,overcast clouds
3,Verkhoyansk,RU,67.5447,133.385,-6.29,99,96,1.21,overcast clouds
4,Viedma,AR,-40.8135,-62.9967,61.48,35,30,10.2,scattered clouds
5,Pevek,RU,69.7008,170.3133,-12.5,94,35,4.7,scattered clouds
6,Ocos,GT,14.5094,-92.1933,87.98,65,1,9.89,clear sky
7,Rikitea,PF,-23.1203,-134.9692,78.17,61,5,11.34,clear sky
8,Kavaratti,IN,10.5669,72.642,81.66,76,50,5.14,scattered clouds
9,Trojes,AL,41.756,19.962,41.49,89,100,4.21,overcast clouds
10,Ponta Do Sol,PT,32.6667,-17.1,57.83,74,63,10.67,broken clouds
11,Qaanaaq,GL,77.484,-69.3632,25.39,73,100,7.83,overcast clouds
12,Vaini,TO,-21.2,-175.2,78.96,78,75,10.36,broken clouds
13,Albany,US,42.6001,-73.9662,48.61,54,100,5.99,overcast clouds
14,Torbay,CA,47.6666,-52.7314,36.28,95,100,18.41,light rain
15,Bardsir,IR,29.9227,56.5743,60.08,18,14,7.54,few clouds
16,San Policarpo,PH,12.1791,125.5072,80.8,85,100,17.56,heavy intensity rain
17,Shingu,JP,33.7333,135.9833,52.34,45,3,3.06,clear sky
18,Lagoa,PT,39.05,-27.9833,59.0,70,99,8.59,overcast clouds
19,Belvedere Marittimo,IT,39.6179,15.8617,49.12,81,100,8.99,overcast clouds
20,Rocha,UY,-34.4833,-54.3333,52.34,60,0,4.79,clear sky
21,Ancud,CL,-41.8697,-73.8203,56.23,95,100,11.99,light rain
22,Minab,IR,27.1467,57.0801,66.52,42,14,0.0,few clouds
23,Boulder City,US,35.9786,-114.8325,85.59,7,0,6.91,clear sky
24,Dikson,RU,73.5069,80.5464,2.88,86,55,14.09,broken clouds
25,Aklavik,CA,68.2191,-135.0107,-7.91,85,100,9.86,overcast clouds
26,Busselton,AU,-33.65,115.3333,52.23,81,0,9.31,clear sky
27,Mar Del Plata,AR,-38.0023,-57.5575,63.09,72,0,5.75,clear sky
28,Santa Maria,BR,-29.6842,-53.8069,69.1,94,75,1.14,broken clouds
29,Pilar Do Sul,BR,-23.8131,-47.7164,70.2,88,74,2.3,moderate rain
30,Tasiilaq,GL,65.6145,-37.6368,17.76,91,99,8.23,overcast clouds
31,Bismarck,US,46.8083,-100.7837,55.24,47,0,24.16,clear sky
32,Tiksi,RU,71.6872,128.8694,-5.78,100,100,4.81,overcast clouds
33,Ushuaia,AR,-54.8,-68.3,35.26,93,40,20.71,scattered clouds
34,Bengkulu,ID,-3.8004,102.2655,74.93,83,75,4.7,broken clouds
35,Santo Antonio Do Taua,BR,-1.1519,-48.1294,76.95,97,100,3.04,moderate rain
36,Carnarvon,AU,-24.8667,113.6333,69.87,88,0,11.5,clear sky
37,Ust-Kuyga,RU,70.0167,135.6,-10.26,99,100,3.06,overcast clouds
38,Boyolangu,ID,-8.1181,111.8935,74.62,91,14,0.65,few clouds
39,Puerto Ayora,EC,-0.7393,-90.3518,78.76,96,66,8.01,broken clouds
40,Nguruka,TZ,-5.1092,31.0419,64.31,95,60,3.42,broken clouds
41,Mildura,AU,-34.2,142.15,63.07,63,0,0.0,clear sky
42,Teeli,RU,51.0333,90.2333,36.27,65,71,3.4,broken clouds
43,Smithers,CA,54.7804,-127.1743,39.52,52,75,5.75,broken clouds
44,Alofi,NU,-19.0595,-169.9187,80.49,78,75,5.75,thunderstorm
45,East London,ZA,-33.0153,27.9116,65.28,80,36,7.96,scattered clouds
46,Yellowknife,CA,62.456,-114.3525,41.52,48,75,13.8,broken clouds
47,Cherskiy,RU,68.75,161.3,-6.0,91,66,1.63,broken clouds
48,Saskylakh,RU,71.9167,114.0833,-6.09,98,99,7.96,overcast clouds
49,Hobart,AU,-42.8794,147.3294,57.06,73,75,11.5,broken clouds
50,Chuy,UY,-33.6971,-53.4616,57.33,60,19,7.27,few clouds
51,Atambua,ID,-9.1061,124.8925,74.41,82,41,2.42,scattered clouds
52,Georgetown,MY,5.4112,100.3354,78.73,92,20,3.44,few clouds
53,Barrow,US,71.2906,-156.7887,-5.78,71,100,18.41,light snow
54,Salalah,OM,17.0151,54.0924,78.89,83,40,1.14,scattered clouds
55,Khatanga,RU,71.9667,102.5,-28.89,100,44,4.18,scattered clouds
56,Provideniya,RU,64.3833,-173.3,10.51,61,0,22.37,clear sky
57,Vila Velha,BR,-20.3297,-40.2925,80.55,86,75,5.75,broken clouds
58,San Andres,CO,12.5847,-81.7006,84.22,70,100,12.66,overcast clouds
59,New Norfolk,AU,-42.7826,147.0587,56.7,75,100,1.01,overcast clouds
60,Port Blair,IN,11.6667,92.75,78.84,89,20,2.3,mist
61,Ballina,AU,-28.8667,153.5667,73.02,91,2,6.91,clear sky
62,Nikolskoye,RU,59.7035,30.7861,34.79,97,100,11.36,overcast clouds
63,Jamestown,US,42.097,-79.2353,43.52,47,100,6.91,overcast clouds
64,Hithadhoo,MV,-0.6,73.0833,82.45,69,25,2.84,scattered clouds
65,Komsomolskiy,UZ,40.4272,71.7189,59.72,47,0,9.22,clear sky
66,Panaba,MX,21.2833,-88.2667,92.97,33,5,19.33,clear sky
67,Khorramabad,IR,33.4878,48.3558,51.42,50,0,6.91,clear sky
68,Taltal,CL,-25.4,-70.4833,66.43,70,21,4.65,few clouds
69,Butaritari,KI,3.0707,172.7902,81.84,79,40,14.47,scattered clouds
70,Bredasdorp,ZA,-34.5322,20.0403,60.51,78,17,8.12,few clouds
71,Kapaa,US,22.0752,-159.319,80.58,69,75,16.11,broken clouds
72,Queimadas,BR,-10.9783,-39.6264,79.47,57,41,9.8,scattered clouds
73,San Cosme Y Damian,PY,-27.3167,-56.35,75.38,88,72,6.11,broken clouds
74,Kosh-Agach,RU,50.0,88.6667,22.5,81,74,3.18,broken clouds
75,Sitka,US,57.0531,-135.33,46.29,61,20,9.22,few clouds
76,Esperance,AU,-33.8667,121.9,58.84,76,77,16.04,broken clouds
77,Maryville,US,35.7565,-83.9705,71.85,24,100,9.22,overcast clouds
78,Umm Lajj,SA,25.0213,37.2685,78.93,47,89,6.98,overcast clouds
79,Sisimiut,GL,66.9395,-53.6735,23.9,97,17,2.64,few clouds
80,Arman,RU,59.7,150.1667,21.02,90,100,13.51,snow
81,Asyut,EG,27.181,31.1837,77.18,12,0,4.63,clear sky
82,Bluff,NZ,-46.6,168.3333,59.85,77,100,7.43,light rain
83,Arlit,NE,18.7369,7.3853,85.33,6,100,3.58,overcast clouds
84,Mataura,NZ,-46.1927,168.8643,65.26,56,100,2.93,overcast clouds
85,Pacific Grove,US,36.6177,-121.9166,69.58,72,0,10.0,clear sky
86,Vostok,RU,46.4856,135.8833,41.31,76,98,5.01,overcast clouds
87,Lamu,KE,-2.2717,40.902,79.88,82,44,9.1,scattered clouds
88,Fortuna,US,40.5982,-124.1573,55.92,95,100,8.05,overcast clouds
89,Lock Haven,US,41.137,-77.4469,51.91,42,98,3.53,overcast clouds
90,Arraial Do Cabo,BR,-22.9661,-42.0278,78.66,83,0,9.22,clear sky
91,Dolgorukovo,RU,52.3195,38.3453,29.64,81,58,7.36,broken clouds
92,Barth,DE,54.3635,12.7249,42.1,61,52,32.01,broken clouds
93,Itumbiara,BR,-18.4192,-49.2153,75.27,64,0,2.82,clear sky
94,Rawson,AR,-43.3002,-65.1023,64.87,33,12,7.9,few clouds
95,Japaratuba,BR,-10.5933,-36.9403,81.68,80,11,4.97,few clouds
96,Cap Malheureux,MU,-19.9842,57.6142,79.47,84,95,3.0,overcast clouds
97,Thompson,CA,55.7435,-97.8558,42.96,39,20,6.91,few clouds
98,Atuona,PF,-9.8,-139.0333,79.72,74,7,22.24,clear sky
99,Kuryk,KZ,43.2,51.65,49.51,69,72,9.6,broken clouds
100,Vao,NC,-22.6667,167.4833,79.09,84,100,16.64,overcast clouds
101,San Jeronimo,PE,-11.9472,-75.2829,52.25,83,81,3.96,broken clouds
102,Cabo San Lucas,MX,22.8909,-109.9124,78.62,61,0,8.05,clear sky
103,Margate,GB,51.3813,1.3862,54.1,79,100,5.99,overcast clouds
104,Vawkavysk,BY,53.1561,24.4513,34.68,77,100,24.29,overcast clouds
105,Geraldton,AU,-28.7667,114.6,64.81,82,0,11.5,clear sky
106,Lebu,CL,-37.6167,-73.65,55.44,79,34,16.98,scattered clouds
107,Oranjestad,AW,12.524,-70.027,82.35,74,20,24.16,few clouds
108,Capreol,CA,46.706,-80.9225,39.67,60,100,4.61,overcast clouds
109,Petauke,ZM,-14.2426,31.3253,64.65,97,77,4.05,moderate rain
110,Padang,ID,-0.9492,100.3543,77.65,76,100,3.24,overcast clouds
111,Saint-Georges,GD,12.0564,-61.7485,83.88,65,20,18.41,few clouds
112,Sur,OM,22.5667,59.5289,79.77,54,22,12.66,few clouds
113,Tuktoyaktuk,CA,69.4541,-133.0374,-14.8,70,40,8.05,scattered clouds
114,Punta Arenas,CL,-53.15,-70.9167,39.31,75,40,24.16,scattered clouds
115,Minuwangoda,LK,7.1663,79.9533,78.73,100,40,4.61,scattered clouds
116,Biak,ID,-0.9131,122.8766,76.98,83,99,5.91,overcast clouds
117,Saint-Philippe,RE,-21.3585,55.7679,74.79,87,93,10.38,light rain
118,Muroto,JP,33.2833,134.15,55.45,61,3,4.97,clear sky
119,Kruisfontein,ZA,-34.0033,24.7314,60.89,74,0,11.27,clear sky
120,Simplicio Mendes,BR,-7.8539,-41.9103,80.33,50,42,2.39,scattered clouds
121,Cidreira,BR,-30.1811,-50.2056,69.82,88,99,8.81,overcast clouds
122,Piacabucu,BR,-10.4056,-36.4344,77.22,76,3,6.35,clear sky
123,Kraainem,BE,50.8615,4.4695,49.55,94,100,19.57,overcast clouds
124,Ambanja,MG,-13.6833,48.45,73.53,93,12,3.62,few clouds
125,Grenaa,DK,56.4158,10.8783,37.62,93,95,25.81,moderate rain
126,Pisco,PE,-13.7,-76.2167,71.65,68,0,12.66,clear sky
127,Safita,SY,34.8205,36.1153,60.94,31,11,4.16,few clouds
128,Egvekinot,RU,66.3167,-179.1667,-7.8,84,18,18.03,few clouds
129,Okhotsk,RU,59.3833,143.3,25.27,88,100,13.51,light snow
130,Kaeo,NZ,-35.1,173.7833,68.32,96,99,8.3,overcast clouds
131,Kandiari,PK,26.9156,68.5216,84.02,23,99,7.11,overcast clouds
132,Inta,RU,66.0317,60.1659,3.34,100,64,6.78,broken clouds
133,Auki,SB,-8.7676,160.7034,82.36,82,98,8.77,overcast clouds
134,Avarua,CK,-21.2078,-159.775,82.45,74,100,3.44,overcast clouds
135,Cape Town,ZA,-33.9258,18.4232,62.89,87,75,12.66,broken clouds
136,Nemuro,JP,43.3236,145.575,39.72,86,1,12.86,clear sky
137,Port Macquarie,AU,-31.4333,152.9167,71.89,64,0,5.77,clear sky
138,Bilibino,RU,68.0546,166.4372,0.84,71,29,3.06,scattered clouds
139,Ostrovnoy,RU,68.0531,39.5131,13.48,92,68,10.54,broken clouds
140,Narsaq,GL,60.9167,-46.05,48.42,77,100,3.49,overcast clouds
141,Yulara,AU,-25.2406,130.9889,58.84,33,2,5.75,clear sky
142,Det Udom,TH,14.906,105.0784,66.02,80,20,5.93,few clouds
143,Severo-Kurilsk,RU,50.6789,156.125,36.43,90,5,7.36,clear sky
144,Bairiki,KI,1.3292,172.9752,86.0,74,20,8.05,few clouds
145,Hilo,US,19.7297,-155.09,75.25,83,100,1.01,light rain
146,Alice Springs,AU,-23.7,133.8833,69.22,32,0,0.0,clear sky
147,Imbituba,BR,-28.24,-48.6703,71.82,92,100,5.39,overcast clouds
148,Talnakh,RU,69.4865,88.3972,-4.04,89,65,8.66,broken clouds
149,Port Elizabeth,ZA,-33.918,25.5701,63.1,81,0,6.91,clear sky
150,Kahului,US,20.8947,-156.47,82.42,62,40,27.63,scattered clouds
151,Bambous Virieux,MU,-20.3428,57.7575,79.21,89,40,6.91,light rain
152,Sibolga,ID,1.7427,98.7792,74.75,84,100,3.53,overcast clouds
153,Buraydah,SA,26.326,43.975,77.45,11,39,8.25,scattered clouds
154,Mutis,CO,6.2262,-77.4044,79.99,85,70,5.01,light rain
155,College,US,64.8569,-147.8028,22.06,60,75,4.61,broken clouds
156,Tromso,NO,69.6496,18.957,19.42,79,0,6.91,clear sky
157,Lexington,US,37.9887,-84.4777,57.29,58,100,5.75,overcast clouds
158,Malartic,CA,48.1335,-78.1328,41.11,91,100,2.53,overcast clouds
159,Amuntai,ID,-2.4177,115.2494,73.74,97,100,1.21,overcast clouds
160,Esmeraldas,BR,-19.7625,-44.3139,77.86,70,95,3.69,overcast clouds
161,Morro Bay,US,35.3658,-120.8499,81.25,54,83,8.99,broken clouds
162,Santa Cruz Del Sur,CU,20.7147,-77.9956,79.65,74,5,6.58,light rain
163,Souillac,MU,-20.5167,57.5167,79.18,89,40,6.91,scattered clouds
164,Tocopilla,CL,-22.092,-70.1979,69.62,67,20,8.59,few clouds
165,Qui Nhon,VN,13.7667,109.2333,72.39,88,100,14.88,overcast clouds
166,Naze,JP,28.3667,129.4833,54.52,53,3,4.74,clear sky
167,Codrington,AU,-38.2667,141.9667,57.63,70,100,4.16,overcast clouds
168,Antsohihy,MG,-14.8796,47.9875,72.84,97,1,1.45,light rain
169,Sapernyy,RU,59.7761,30.6614,38.07,97,100,12.28,overcast clouds
170,Samarinda,ID,-0.5,117.15,73.96,98,100,0.72,overcast clouds
171,Verkhnyaya Maksakovka,RU,61.635,50.9674,23.02,74,0,4.47,clear sky
172,Mana,GF,5.6592,-53.7767,77.25,86,94,10.8,overcast clouds
173,Warrnambool,AU,-38.3833,142.4833,54.81,72,100,4.59,overcast clouds
174,Warrington,GB,53.3925,-2.5802,52.32,90,75,27.63,broken clouds
175,Isangel,VU,-19.55,169.2667,84.11,72,99,7.18,overcast clouds
176,Hermanus,ZA,-34.4187,19.2345,59.81,82,8,12.68,clear sky
177,Namibe,AO,-15.1961,12.1522,69.39,79,71,5.59,broken clouds
178,Iquique,CL,-20.2208,-70.1431,66.24,82,18,3.56,few clouds
179,Castro,BR,-24.7911,-50.0119,64.63,98,100,2.84,overcast clouds
180,Lasa,IT,46.6166,10.7002,36.48,77,42,3.87,scattered clouds
181,Lokosovo,RU,61.1333,74.8167,35.2,100,100,7.29,overcast clouds
182,Lazaro Cardenas,MX,17.9583,-102.2,79.65,58,57,10.67,broken clouds
183,Saint George,US,37.1041,-113.5841,80.64,14,0,17.27,clear sky
184,Upernavik,GL,72.7868,-56.1549,21.33,80,100,3.36,overcast clouds
185,Itarema,BR,-2.9248,-39.9167,77.0,90,88,8.46,light rain
186,Bure,ET,10.7,37.0667,65.12,50,65,2.55,broken clouds
187,Bat Yam,IL,32.0231,34.7503,67.15,73,0,3.44,clear sky
188,Yenagoa,NG,4.9247,6.2642,78.8,87,84,3.38,broken clouds
189,Zhumadian,CN,32.9794,114.0294,57.09,68,100,7.65,light rain
190,Bosaso,SO,11.2842,49.1816,79.83,49,3,8.5,clear sky
191,Aswan,EG,24.0934,32.907,90.7,10,0,8.05,clear sky
192,Vorukh,TJ,39.8494,70.5838,51.22,27,0,11.61,clear sky
193,Grindavik,IS,63.8424,-22.4338,32.47,100,100,11.5,light snow
194,Rio Branco,BR,-9.9747,-67.81,84.81,74,40,1.14,scattered clouds
195,Nushki,PK,29.5542,66.0215,71.85,11,28,5.53,scattered clouds
196,Longyearbyen,SJ,78.2186,15.6401,10.24,61,20,25.32,few clouds
197,Tambura,SS,5.6,27.4667,71.4,75,59,3.94,broken clouds
198,Deputatskiy,RU,69.3,139.9,-5.64,96,100,2.93,overcast clouds
199,Nicoya,CR,10.1483,-85.452,86.09,59,100,2.55,overcast clouds
200,Meadow Lake,US,34.8014,-106.5436,70.68,18,5,8.37,clear sky
201,Iqaluit,CA,63.7506,-68.5145,11.93,73,75,21.85,broken clouds
202,Zarasai,LT,55.7333,26.25,34.92,84,100,17.11,overcast clouds
203,Kununurra,AU,-15.7667,128.7333,71.58,94,6,0.0,clear sky
204,Lowestoft,GB,52.4752,1.7516,53.85,85,100,18.99,overcast clouds
205,Tiarei,PF,-17.5333,-149.3333,86.02,78,42,15.5,scattered clouds
206,Luderitz,NA,-26.6481,15.1594,59.34,83,0,5.93,clear sky
207,Sechura,PE,-5.5569,-80.8222,76.87,65,42,15.1,scattered clouds
208,Lubao,PH,14.9167,120.55,75.27,76,89,7.94,light rain
209,Lata,PT,40.1629,-8.3327,44.58,51,99,5.39,overcast clouds
210,Pachperwa,IN,27.5167,82.65,72.32,11,0,3.67,clear sky
211,Beringovskiy,RU,63.05,179.3167,-0.11,71,60,18.52,broken clouds
212,Hirara,JP,24.8,125.2833,66.47,77,75,10.36,broken clouds
213,Sorland,NO,67.667,12.6934,31.23,45,32,17.02,scattered clouds
214,Fomboni,KM,-12.28,43.7425,82.27,69,0,4.18,clear sky
215,Gat,IL,31.61,34.7642,63.28,27,9,6.4,clear sky
216,Grand-Santi,GF,4.25,-54.3833,73.27,99,100,2.33,moderate rain
217,Lompoc,US,34.6391,-120.4579,79.79,52,0,21.85,clear sky
218,Dutlwe,BW,-23.9833,23.9,68.0,71,17,9.08,few clouds
219,Parkes,AU,-33.1333,148.1833,63.63,47,0,3.04,clear sky
220,Igarka,RU,67.4667,86.5833,17.47,90,100,19.35,overcast clouds
221,Hualmay,PE,-11.0964,-77.6139,70.74,81,61,11.65,broken clouds
222,Flin Flon,CA,54.7682,-101.865,42.64,52,20,12.66,few clouds
223,Bom Jardim,BR,-7.7958,-35.5872,71.62,87,22,5.19,few clouds
224,Chamrajnagar,IN,11.9167,76.95,70.14,80,63,6.58,broken clouds
225,Maragogi,BR,-9.0122,-35.2225,78.1,77,12,5.86,few clouds
226,Troitsko-Pechorsk,RU,62.7084,56.1964,12.27,97,95,6.08,overcast clouds
227,Paamiut,GL,61.994,-49.6678,31.62,97,100,13.42,overcast clouds
228,Buala,SB,-8.145,159.5921,83.16,80,86,13.69,moderate rain
229,Sao Filipe,CV,14.8961,-24.4956,70.84,78,5,7.49,clear sky
230,Shache,CN,38.4167,77.2406,55.71,20,5,7.07,clear sky
231,Sudbury,CA,46.49,-80.99,40.17,88,100,2.51,overcast clouds
232,Maceio,BR,-9.6658,-35.7353,80.04,73,40,5.75,scattered clouds
233,Marsa Matruh,EG,31.3525,27.2453,64.6,68,14,14.97,few clouds
234,Port Alfred,ZA,-33.5906,26.891,59.18,88,0,10.04,clear sky
235,Beloha,MG,-25.1667,45.05,71.73,91,0,6.78,clear sky
236,Kavieng,PG,-2.5744,150.7967,80.87,81,100,5.03,moderate rain
237,Marsh Harbour,BS,26.5412,-77.0636,74.97,77,43,13.04,scattered clouds
238,Alekseyevsk,RU,57.8406,108.3492,4.87,99,91,3.02,overcast clouds
239,Richards Bay,ZA,-28.783,32.0377,73.22,75,99,13.24,overcast clouds
240,Soyo,AO,-6.1349,12.3689,78.01,89,40,6.96,scattered clouds
241,Chontalpa,MX,17.7,-93.5167,90.18,65,0,9.24,clear sky
242,Pacifica,US,37.6138,-122.4869,71.24,75,75,24.16,mist
243,Cuorgne,IT,45.3895,7.6499,45.16,75,16,1.01,few clouds
244,Paramonga,PE,-10.6667,-77.8333,70.41,84,62,10.16,broken clouds
245,Harindanga,IN,22.0383,88.3214,78.78,81,9,15.01,clear sky
246,Bathsheba,BB,13.2167,-59.5167,79.41,69,20,14.97,few clouds
247,Ca Mau,VN,9.1769,105.15,74.52,88,56,4.59,broken clouds
248,Xining,CN,36.6167,101.7667,36.95,52,19,1.72,few clouds
249,Mehamn,NO,71.0357,27.8492,21.11,77,97,7.78,light snow
250,Tahta,EG,26.7693,31.5021,78.08,12,0,3.85,clear sky
251,Iwanai,JP,42.9744,140.5089,46.06,52,0,4.76,clear sky
252,Mount Isa,AU,-20.7333,139.5,76.77,16,4,5.75,clear sky
253,Gudalur,IN,9.6833,77.2667,72.07,94,25,1.34,scattered clouds
254,Lavrentiya,RU,65.5833,-171.0,0.77,79,21,12.15,few clouds
255,Hasaki,JP,35.7333,140.8333,48.6,88,100,23.35,overcast clouds
256,Ciudad Guayana,VE,8.3533,-62.6528,83.12,63,78,10.69,broken clouds
257,Mahalapye,BW,-23.1041,26.8142,66.7,74,59,4.34,broken clouds
258,Altamira,BR,-3.2033,-52.2064,73.35,98,84,1.68,moderate rain
259,Krasnoselkup,RU,65.7,82.4667,27.5,96,100,18.7,light snow
260,Oulainen,FI,64.2667,24.8,24.82,93,100,7.96,overcast clouds
261,Kaitangata,NZ,-46.2817,169.8464,65.03,61,99,2.73,heavy intensity rain
262,Praia Da Vitoria,PT,38.7333,-27.0667,59.76,82,40,4.05,scattered clouds
263,Panjab,AF,34.388,67.0233,43.88,28,7,2.75,clear sky
264,Posse,BR,-14.0931,-46.3694,73.9,48,7,6.15,clear sky
265,Peniche,PT,39.3558,-9.3811,53.92,54,100,11.65,overcast clouds
266,Poli,TZ,-3.3333,36.8,60.33,77,59,2.51,broken clouds
267,Galveston,US,29.3669,-94.9669,72.05,93,100,13.8,mist
268,Ucluelet,CA,48.9329,-125.5528,44.1,86,100,7.0,overcast clouds
269,Kemijarvi,FI,66.7131,27.4306,20.28,93,100,12.37,snow
270,Ransang,PH,8.9603,117.5828,78.44,80,100,2.24,overcast clouds
271,Sosua,DO,19.7667,-70.5167,89.58,83,40,11.5,scattered clouds
272,Hofn,IS,64.2539,-15.2082,28.51,62,100,13.27,light snow
273,Ilula,TZ,-7.6766,36.0366,61.27,97,5,3.38,clear sky
274,Mahebourg,MU,-20.4081,57.7,79.25,89,40,6.91,scattered clouds
275,Klaksvik,FO,62.2266,-6.589,31.12,59,100,15.73,overcast clouds
276,Ozernovskiy,RU,51.5,156.5167,36.73,88,6,11.41,clear sky
277,Nanortalik,GL,60.1432,-45.2371,34.14,82,100,4.03,overcast clouds
278,Tonekabon,IR,36.8163,50.8738,53.87,85,51,4.45,broken clouds
279,Carire,BR,-3.9506,-40.4733,74.98,92,100,1.88,overcast clouds
280,Olafsvik,IS,64.8945,-23.7142,28.49,73,94,25.95,overcast clouds
281,Benjamin Constant,BR,-4.3831,-70.0311,87.93,58,20,2.3,few clouds
282,Port Hedland,AU,-20.3167,118.5667,77.05,83,3,3.44,clear sky
283,Port Hardy,CA,50.6996,-127.4199,42.98,87,75,8.05,shower rain
284,Boquira,BR,-12.8231,-42.7306,77.34,52,72,4.97,broken clouds
285,Cabedelo,BR,-6.9811,-34.8339,77.67,76,2,10.16,clear sky
286,Sangin,AF,32.0728,64.8359,70.5,12,0,4.7,clear sky
287,Kampong Chhnang,KH,12.1667,104.55,72.21,76,42,6.44,scattered clouds
288,Swift Current,CA,50.2834,-107.8014,52.61,40,100,26.46,overcast clouds
289,Teya,RU,60.3778,92.6267,24.66,94,100,7.02,light snow
290,Innisfail,AU,-17.5333,146.0333,81.55,76,45,5.28,scattered clouds
291,Coquimbo,CL,-29.9533,-71.3436,58.73,88,20,12.66,few clouds
292,Codajas,BR,-3.8367,-62.0569,75.61,95,67,2.33,light rain
293,Brae,GB,60.3964,-1.353,36.18,60,100,18.84,overcast clouds
294,Fort Nelson,CA,58.8053,-122.7002,38.79,52,40,11.5,scattered clouds
295,Srednekolymsk,RU,67.45,153.6833,-7.62,94,98,2.17,overcast clouds
296,Carauari,BR,-4.8828,-66.8958,75.4,95,70,0.74,broken clouds
297,Shimabara,JP,32.7833,130.3667,46.71,44,30,4.92,scattered clouds
298,Capitan Bado,PY,-23.2667,-55.5333,71.17,91,14,5.55,few clouds
299,Huarmey,PE,-10.0681,-78.1522,71.71,80,61,11.14,broken clouds
300,La Grande,US,45.3246,-118.0877,48.97,74,63,23.73,moderate rain
301,Palana,RU,59.1167,159.9667,21.92,71,66,5.64,broken clouds
302,Flinders,AU,-34.5833,150.8552,68.05,79,1,5.99,clear sky
303,Kieta,PG,-6.2167,155.6333,85.37,72,100,4.34,overcast clouds
304,Marsaxlokk,MT,35.8419,14.5431,57.81,82,75,21.85,broken clouds
305,Westport,US,41.1415,-73.3579,53.89,45,0,8.05,clear sky
306,Oxbow,CA,49.2333,-102.1676,55.63,43,41,17.72,scattered clouds
307,Guerrero Negro,MX,27.9769,-114.0611,65.75,59,0,16.42,clear sky
308,Santa Vitoria,BR,-18.8386,-50.1214,77.16,62,7,5.48,clear sky
309,Bulgan,MN,48.8125,103.5347,23.31,58,100,3.78,overcast clouds
310,Necochea,AR,-38.5473,-58.7368,55.6,60,1,1.52,clear sky
311,Stornoway,GB,58.2093,-6.3865,40.96,89,100,10.36,moderate rain
312,Mucurapo,TT,10.6667,-61.5333,82.45,69,68,12.86,broken clouds
313,Boueni,YT,-12.9025,45.0761,78.78,74,5,4.03,clear sky
314,Antofagasta,CL,-23.65,-70.4,63.68,79,21,6.67,few clouds
315,Nouakchott,MR,18.0858,-15.9785,66.13,86,1,11.63,clear sky
316,Aykhal,RU,66.0,111.5,-2.45,100,100,4.23,overcast clouds
317,Saint-Nazaire,FR,47.2833,-2.2,50.04,96,100,9.22,overcast clouds
318,Novo Aripuana,BR,-5.1206,-60.3797,75.02,97,85,1.57,overcast clouds
319,Tabou,CI,4.423,-7.3528,81.05,84,100,7.81,overcast clouds
320,Mackenzie,CA,55.2999,-123.1698,35.82,69,100,4.61,overcast clouds
321,Freetown,SL,8.484,-13.2299,76.19,79,46,8.57,scattered clouds
322,Elizabethton,US,36.3487,-82.2107,66.24,19,100,8.05,overcast clouds
323,Saldanha,ZA,-33.0117,17.9442,59.05,85,10,7.34,clear sky
324,Trapani,IT,37.8333,12.6667,53.28,93,20,5.75,few clouds
325,Douglas,US,41.3,-96.167,60.75,33,0,11.5,clear sky
326,Tynne,UA,50.6015,26.1849,31.82,66,32,15.48,scattered clouds
327,Bani,DO,18.2833,-70.3333,81.84,75,10,8.3,clear sky
328,Tarakan,ID,3.3,117.6333,76.5,88,40,9.22,scattered clouds
329,Ginda,IN,30.6945,78.4932,56.77,19,100,7.74,overcast clouds
330,Zhuhai,CN,22.2769,113.5678,65.98,72,20,3.44,few clouds
331,Qaqortoq,GL,60.7167,-46.0333,36.66,83,100,2.95,overcast clouds
332,Russell,US,32.3502,-85.1999,78.4,27,0,5.75,clear sky
333,Muros,ES,42.7762,-9.0603,47.08,62,0,18.79,clear sky
334,Port-Gentil,GA,-0.7193,8.7815,80.53,80,45,7.16,scattered clouds
335,Ribeira Grande,PT,38.5167,-28.7,60.3,73,77,7.45,broken clouds
336,Kodiak,US,57.79,-152.4072,38.71,48,75,13.8,broken clouds
337,Tarko-Sale,RU,64.9225,77.785,34.07,100,100,12.21,overcast clouds
338,Ilulissat,GL,69.2167,-51.1,16.7,88,28,5.19,scattered clouds
339,Los Llanos De Aridane,ES,28.6585,-17.9182,58.75,71,40,17.27,scattered clouds
340,Kachiry,KZ,53.0675,76.1036,40.21,68,79,10.18,broken clouds
341,Duldurga,RU,50.6761,113.5931,12.52,76,2,5.55,clear sky
342,Ambilobe,MG,-13.2,49.05,73.31,96,95,2.08,overcast clouds
343,Jeremie,HT,18.65,-74.1167,79.02,77,29,1.9,scattered clouds
344,Arkhangelsk,RU,64.5401,40.5433,15.91,67,0,6.71,clear sky
345,Noumea,NC,-22.2763,166.4572,84.99,99,100,4.9,light rain
346,Pizarro,CO,4.9533,-77.366,79.92,83,64,6.55,broken clouds
347,Kungalv,SE,57.871,11.9805,35.19,84,99,8.16,overcast clouds
348,Barcelos,PT,41.5388,-8.6151,53.85,55,96,6.55,overcast clouds
349,Belaya Gora,RU,68.5333,146.4167,-1.26,90,99,6.38,overcast clouds
350,Vila Franca Do Campo,PT,37.7167,-25.4333,55.81,68,75,4.76,broken clouds
351,Inhambane,MZ,-23.865,35.3833,74.84,64,4,9.89,clear sky
352,Yuxia,CN,34.0615,108.6291,50.61,43,21,6.62,few clouds
353,Pathein,MM,16.7833,94.7333,75.81,84,97,2.21,overcast clouds
354,San Cristobal,VE,7.7669,-72.225,77.18,75,97,3.27,overcast clouds
355,Caucaia,BR,-3.7361,-38.6531,81.03,76,75,5.75,light rain
356,Ullal,IN,12.8,74.85,83.35,78,40,0.0,scattered clouds
357,Mahibadhoo,MV,3.7833,72.9667,82.63,66,21,2.42,few clouds
358,Aksu,CN,41.1231,80.2644,55.85,26,7,1.1,clear sky
359,Antalaha,MG,-14.9003,50.2788,74.82,88,100,4.45,overcast clouds
360,Rosarito,MX,32.3333,-117.0333,75.24,66,1,11.16,clear sky
361,Rancho Palos Verdes,US,33.7445,-118.387,76.08,76,75,14.97,broken clouds
362,Tuatapere,NZ,-46.1333,167.6833,63.09,76,100,4.34,overcast clouds
363,Moree,AU,-29.4667,149.85,71.62,73,0,9.22,clear sky
364,Liberal,US,37.0431,-100.921,67.24,18,0,14.97,clear sky
365,Usinsk,RU,65.9939,57.5281,-4.29,100,58,2.75,broken clouds
366,Portel,BR,-1.9356,-50.8211,74.89,96,91,3.38,overcast clouds
367,Valuyki,RU,50.2035,38.1067,32.74,73,82,5.91,broken clouds
368,Samarai,PG,-10.6167,150.6667,82.38,77,99,13.82,light rain
369,San Rafael,AR,-34.6177,-68.3301,66.47,26,0,10.85,clear sky
370,Healdsburg,US,38.6105,-122.8692,72.48,52,75,5.75,broken clouds
371,Kuala Terengganu,MY,5.3302,103.1408,73.35,100,40,5.01,scattered clouds
372,Whitianga,NZ,-36.8333,175.7,70.0,73,99,8.61,overcast clouds
373,Touros,BR,-5.1989,-35.4608,79.54,76,18,12.64,few clouds
374,Nuuk,GL,64.1835,-51.7216,25.9,92,100,2.48,overcast clouds
375,Juba,SS,4.8517,31.5825,81.45,45,34,1.48,scattered clouds
376,La Palma,US,33.8464,-118.0467,82.65,60,40,9.22,scattered clouds
377,Sabha,LY,27.0377,14.4283,82.36,6,0,7.02,clear sky
378,Lovozero,RU,68.005,35.0117,13.3,96,93,8.5,overcast clouds
379,Taoudenni,ML,22.6783,-3.9836,83.97,17,0,7.63,clear sky
380,Makakilo City,US,21.3469,-158.0858,79.12,52,20,23.02,few clouds
381,Gornyak,RU,50.9942,81.4661,31.73,82,87,6.6,overcast clouds
382,Gornopravdinsk,RU,60.05,69.9,34.29,100,100,4.36,overcast clouds
383,Liverpool,GB,53.4106,-2.9779,52.29,90,75,27.63,broken clouds
384,Mao,ES,39.8885,4.2658,50.56,71,20,11.5,few clouds
385,Rivadavia,AR,-33.1905,-68.4608,66.06,29,0,8.79,clear sky
386,Aransas Pass,US,27.9095,-97.15,78.8,91,100,14.97,overcast clouds
387,Bethel,US,41.3712,-73.414,53.69,46,0,6.91,clear sky
388,Norman Wells,CA,65.282,-126.8329,1.44,55,75,9.22,broken clouds
389,Walla Walla,US,46.0646,-118.343,56.48,46,100,35.01,dust
390,Tooele,US,40.5308,-112.2983,58.03,36,100,13.8,overcast clouds
391,Coihaique,CL,-45.5752,-72.0662,54.21,76,75,3.44,light intensity shower rain
392,Marzuq,YE,14.4,46.4667,67.77,39,3,4.5,clear sky
393,Isla Mujeres,MX,21.2311,-86.731,84.16,74,0,14.07,clear sky
394,Kalmunai,LK,7.4167,81.8167,77.0,85,43,4.79,light rain
395,Constitucion,CL,-35.3333,-72.4167,57.27,68,0,14.27,clear sky
396,Aloleng,PH,16.1307,119.7824,79.61,70,32,10.45,scattered clouds
397,Weligama,LK,5.9667,80.4167,76.87,85,96,2.1,overcast clouds
398,Guhagar,IN,17.4842,73.1929,77.92,84,79,5.97,broken clouds
399,Petropavlovsk-Kamchatskiy,RU,53.0452,158.6483,30.79,59,0,4.47,clear sky
400,Harper,LR,4.375,-7.7169,81.19,83,100,8.32,overcast clouds
401,Asau,RO,46.4333,26.4,34.72,77,4,6.6,clear sky
402,Airai,TL,-8.9266,125.4092,63.09,80,37,1.16,scattered clouds
403,Port Augusta,AU,-32.5,137.7667,72.45,27,0,4.99,clear sky
404,Verkhnyaya Inta,RU,65.9811,60.3094,4.3,100,71,6.24,broken clouds
405,Sijunjung,ID,-0.6876,100.9537,70.41,94,91,1.83,overcast clouds
406,Rio Gallegos,AR,-51.6226,-69.2181,44.65,53,20,20.71,few clouds
407,Chumikan,RU,54.7183,135.315,19.71,78,64,7.4,broken clouds
408,Puerto Madero,MX,14.7208,-92.4215,84.16,64,1,9.75,clear sky
409,Masuguru,TZ,-11.3667,38.4167,71.33,98,30,2.71,scattered clouds
410,Jiayuguan,CN,39.8167,98.3,42.53,19,0,3.22,clear sky
411,Seredka,RU,58.1584,28.1858,35.35,89,100,17.81,overcast clouds
412,Kloulklubed,PW,7.0419,134.2556,81.75,82,98,13.06,overcast clouds
413,Husavik,IS,66.0449,-17.3389,22.51,89,100,5.99,light snow
414,Hervey Bay,AU,-25.2986,152.8535,76.39,67,1,11.07,clear sky
415,Bolshoye Selo,RU,57.7177,38.9334,24.28,95,46,5.57,scattered clouds
416,Broken Hill,AU,-31.95,141.4333,60.51,59,0,0.0,clear sky
417,Saint-Pierre,RE,-21.3393,55.4781,74.88,84,0,4.61,light rain
418,Pirai Do Sul,BR,-24.5261,-49.9486,65.07,99,100,3.06,overcast clouds
419,Bucyrus,US,40.8084,-82.9755,52.95,73,71,9.93,broken clouds
420,Srinivaspur,IN,13.3333,78.2167,67.77,86,56,6.87,broken clouds
421,Wheatley,GB,51.7473,-1.1394,54.91,82,100,1.99,overcast clouds
422,Ahipara,NZ,-35.1667,173.1667,70.5,81,93,8.3,moderate rain
423,Lapua,FI,62.9693,23.0088,27.3,93,100,8.75,overcast clouds
424,Faanui,PF,-16.4833,-151.75,82.99,73,33,15.59,scattered clouds
425,Ilinskiy,RU,55.619,38.1182,31.71,55,0,0.0,clear sky
426,Arzgir,RU,45.3728,44.2206,43.03,75,81,6.08,broken clouds
427,Yerofey Pavlovich,RU,53.9667,121.9667,17.92,66,97,6.87,overcast clouds
428,Shimoda,JP,34.6667,138.95,55.11,73,7,11.18,clear sky
429,Silvassa,IN,20.2667,73.0167,78.19,76,7,4.41,clear sky
430,Iralaya,HN,15.0,-83.2333,81.37,69,29,9.06,scattered clouds
431,Bandarbeyla,SO,9.4942,50.8122,77.16,76,87,2.48,overcast clouds
432,Cabo Rojo,PR,18.0866,-67.1457,81.97,83,98,3.0,overcast clouds
433,Batemans Bay,AU,-35.7167,150.1833,64.09,74,72,0.96,broken clouds
434,Stokmarknes,NO,68.5646,14.9108,17.58,62,66,5.75,broken clouds
435,Payo,ID,-3.7508,103.6372,71.69,97,97,1.28,overcast clouds
436,Changji,CN,44.0167,87.3167,54.39,35,0,4.47,clear sky
437,Burnie,AU,-41.0667,145.9167,59.86,63,100,2.19,overcast clouds
438,Dzhebariki-Khaya,RU,62.2167,135.8,9.27,85,100,2.8,overcast clouds
439,Langsa,ID,4.4683,97.9683,73.45,96,100,3.27,overcast clouds
440,Cuyo,PH,10.8525,121.0086,82.62,78,96,21.0,overcast clouds
441,Kawai,JP,34.2333,135.85,40.84,56,16,3.02,few clouds
442,Pavino,RU,59.1139,46.1414,10.74,97,99,4.09,overcast clouds
443,Black Diamond,US,47.3087,-122.0032,47.88,74,87,17.0,light rain
444,Niquero,CU,20.0431,-77.5828,81.39,69,25,11.43,scattered clouds
445,Saint-Augustin,CA,51.226,-58.6502,31.14,93,100,3.53,overcast clouds
446,La Romana,DO,18.4273,-68.9728,82.76,74,40,12.66,scattered clouds
447,Nyurba,RU,63.2842,118.3319,2.17,96,96,5.39,overcast clouds
448,Dunedin,NZ,-45.8742,170.5036,60.8,87,100,4.0,light rain
449,Cody,US,44.5263,-109.0565,55.9,40,0,14.97,clear sky
450,Oktyabrskiy,RU,54.4815,53.471,30.4,87,91,14.16,overcast clouds
451,Elko,US,41.0002,-115.5012,59.02,34,100,17.0,overcast clouds
452,Shubarshi,KZ,48.5872,57.1869,44.49,74,97,10.04,overcast clouds
453,Maraa,BR,-1.8333,-65.3667,75.11,94,45,1.7,moderate rain
454,Murray Bridge,AU,-35.1167,139.2667,56.12,67,11,2.28,few clouds
455,Svetlyy,RU,54.675,20.1347,39.25,97,100,28.92,overcast clouds
456,Lorengau,PG,-2.0226,147.2712,82.29,80,100,15.32,heavy intensity rain
457,Portland,US,45.5234,-122.6762,52.68,73,75,32.21,light rain
458,Jumla,NP,29.2747,82.1838,46.31,36,2,5.39,clear sky
459,Alta Floresta,BR,-9.8756,-56.0861,73.67,92,81,0.43,broken clouds
460,Teahupoo,PF,-17.8333,-149.2667,80.56,79,70,15.1,light rain
461,Barcelona,ES,41.3888,2.159,51.55,62,0,5.75,clear sky
462,Dalhousie,IN,32.5333,75.9833,53.01,27,11,9.8,few clouds
463,Cervo,ES,43.6702,-7.4101,48.96,71,3,15.61,clear sky
464,Pokaran,IN,26.9167,71.9167,79.66,18,27,9.66,scattered clouds
465,Begoro,GH,6.3871,-0.3774,74.25,91,93,5.61,overcast clouds
466,Kushiro,JP,42.975,144.3747,40.15,75,20,3.44,few clouds
467,Fairbanks,US,64.8378,-147.7164,22.08,61,75,5.75,broken clouds
468,Lancaster,US,40.2504,-76.2499,50.99,53,100,4.0,overcast clouds
469,Kirakira,SB,-10.4544,161.9205,81.45,85,100,11.9,overcast clouds
470,Kyra,RU,49.5776,111.9753,12.11,68,5,4.27,clear sky
471,Todos Santos,MX,23.45,-110.2167,67.44,66,37,12.21,scattered clouds
472,Misratah,LY,32.3754,15.0925,69.71,53,53,4.76,broken clouds
473,Kenai,US,60.5544,-151.2583,42.03,75,100,3.44,light rain
474,Granada,ES,37.25,-3.25,40.12,97,100,8.01,overcast clouds
475,Namatanai,PG,-3.6667,152.4333,82.58,77,96,8.34,light rain
476,Sarangani,PH,5.4033,125.4636,81.63,77,100,11.39,heavy intensity rain
477,Taft,IR,31.7471,54.2088,66.15,14,0,6.91,clear sky
478,Yar-Sale,RU,66.8333,70.8333,31.55,99,100,5.97,light snow
479,Honiara,SB,-9.4333,159.95,80.87,88,100,7.0,overcast clouds
480,Serenje,ZM,-13.2325,30.2352,62.1,95,92,0.94,light rain
481,Constantine,DZ,36.365,6.6147,51.21,93,75,3.44,broken clouds
482,Leh,IN,34.1667,77.5833,23.65,63,2,5.59,clear sky
483,Palmer,US,42.1584,-72.3287,51.35,37,75,16.11,broken clouds
484,Nome,US,64.5011,-165.4064,19.47,45,0,10.36,clear sky
485,Pozhva,RU,59.0912,56.0847,30.63,98,100,2.19,light snow
486,Camana,PE,-16.6228,-72.7111,70.11,79,67,5.79,broken clouds
487,Port Hawkesbury,CA,45.6169,-61.3485,34.18,96,100,16.11,snow
488,Kasama,ZM,-10.2129,31.1808,61.48,95,100,3.6,light rain
489,Bowen,AU,-20.0167,148.2333,79.21,70,35,6.55,scattered clouds
490,San Patricio,US,28.017,-97.5169,84.29,65,67,18.7,broken clouds
491,Beyneu,KZ,45.3167,55.2,51.33,57,59,13.73,broken clouds
492,Paragominas,BR,-2.9667,-47.4833,73.45,98,100,3.51,light rain
493,Boende,CD,-0.2167,20.8667,70.72,95,32,3.11,moderate rain
494,Hamilton,US,39.1834,-84.5333,59.63,57,40,12.66,scattered clouds
495,Ust-Barguzin,RU,53.45,108.9833,6.84,95,16,1.61,few clouds
496,Ciudad Bolivar,VE,8.1222,-63.5497,91.02,41,83,16.93,broken clouds
497,Victoria,HK,22.2855,114.1577,69.94,67,51,5.01,broken clouds
498,Campbell River,CA,50.0163,-125.2446,46.45,93,75,8.05,broken clouds
499,Bati,ET,11.1833,40.0167,66.85,30,3,6.96,clear sky
500,Marechal Candido Rondon,BR,-24.5561,-54.0567,70.99,94,93,3.62,overcast clouds
501,Sao Joao Da Barra,BR,-21.6403,-41.0511,77.81,86,3,9.82,clear sky
502,Green River,US,41.5286,-109.4662,54.0,31,100,13.0,overcast clouds
503,Henties Bay,NA,-22.116,14.2845,60.96,83,0,6.98,clear sky
504,Katsuura,JP,35.1333,140.3,51.15,91,100,24.74,overcast clouds
505,Sioux Lookout,CA,50.1001,-91.917,39.27,60,75,5.75,broken clouds
506,Uchiza,PE,-8.4592,-76.4633,73.24,95,69,1.19,broken clouds
507,Waipawa,NZ,-41.4122,175.5153,66.11,68,97,10.74,moderate rain
508,Adre,TD,13.4667,22.2,83.25,14,9,9.64,clear sky
509,Dalvik,IS,65.9702,-18.5286,26.53,87,100,8.61,light snow
510,Kortkeros,RU,61.8106,51.5806,23.0,97,100,3.51,overcast clouds
511,Rundu,NA,-17.9333,19.7667,65.19,91,78,3.22,broken clouds
512,Hit,IQ,33.6416,42.8251,71.26,25,16,10.67,few clouds
513,Tukrah,LY,32.5341,20.5791,72.77,25,30,10.2,scattered clouds
514,Port Lincoln,AU,-34.7333,135.8667,63.32,80,100,12.57,light rain
515,Erzin,TR,36.9559,36.2,57.29,74,28,3.49,scattered clouds
516,Kenitra,MA,34.261,-6.5802,56.16,80,77,18.59,broken clouds
517,Fort-Shevchenko,KZ,44.5086,50.263,45.73,86,88,7.76,overcast clouds
518,Indiana,US,40.0003,-86.2503,62.65,57,75,17.0,broken clouds
519,Yangambi,CD,0.8102,24.4336,69.94,92,59,1.79,broken clouds
520,Irbil,IQ,36.1926,44.0106,60.62,41,100,3.44,overcast clouds
521,Diamantino,BR,-14.4086,-56.4461,75.09,72,14,3.24,few clouds
522,Sulangan,PH,11.1373,123.7228,80.83,84,83,11.97,broken clouds
523,Marawi,PH,7.9986,124.2928,70.48,94,100,1.88,overcast clouds
524,Terrace Bay,CA,48.7834,-87.1,31.51,98,99,4.34,overcast clouds
525,Zhicheng,CN,30.2956,111.5047,58.89,79,100,1.97,overcast clouds
526,Mount Pleasant,US,32.7941,-79.8626,73.18,76,0,9.22,clear sky
527,Valparaiso,CL,-33.0393,-71.6273,68.23,56,0,10.36,clear sky
528,Porto Nacional,BR,-10.7081,-48.4172,84.2,84,98,2.71,overcast clouds
529,Catia La Mar,VE,10.6038,-67.0303,78.24,88,86,8.14,overcast clouds
530,Veraval,IN,20.9,70.3667,78.15,64,3,12.44,clear sky
531,Guanica,PR,17.9716,-66.908,80.06,85,100,9.04,overcast clouds
532,Stykkisholmur,IS,65.0757,-22.7297,26.89,75,99,19.84,snow
533,Polewali,ID,-3.4324,119.3435,76.8,87,87,2.46,overcast clouds
534,Saint-Louis,SN,16.3333,-15.0,78.44,55,1,13.98,clear sky
535,Kurilsk,RU,45.2333,147.8833,41.61,72,8,6.78,clear sky
536,Ormara,PK,25.2088,64.6357,77.45,76,44,8.97,scattered clouds
537,Bubaque,GW,11.2833,-15.8333,76.78,74,13,22.19,few clouds
538,Kalabo,ZM,-14.97,22.6814,65.93,94,81,4.7,light rain
539,Puerto El Triunfo,SV,13.2833,-88.55,84.49,64,96,9.35,overcast clouds
540,Bay Roberts,CA,47.5999,-53.2648,37.06,88,100,8.01,overcast clouds
541,Linjiang,CN,41.8069,126.9078,43.75,66,41,6.22,scattered clouds
542,La Rioja,ES,42.25,-2.5,26.38,92,85,3.44,overcast clouds
543,Bac Lieu,VN,9.285,105.7244,76.1,85,52,6.31,broken clouds
544,Yeppoon,AU,-23.1333,150.7333,76.78,72,61,9.15,broken clouds
545,Qinzhou,CN,21.95,108.6167,63.97,78,7,2.62,clear sky
546,Vardo,NO,70.3705,31.1107,28.15,61,91,17.22,light snow
547,Shepsi,RU,44.0361,39.1489,47.5,87,94,10.54,light rain
548,Ville-Marie,CA,47.3335,-79.433,34.21,93,100,1.9,overcast clouds
549,Awbari,LY,26.5921,12.7805,81.01,7,0,3.67,clear sky
550,Cayenne,GF,4.9333,-52.3333,81.09,1,100,4.0,overcast clouds
551,Butembo,CD,0.15,29.2833,57.54,94,25,3.42,scattered clouds
552,Penzance,GB,50.1186,-5.5371,50.68,93,99,16.51,overcast clouds
553,Orocue,CO,4.7912,-71.3354,82.51,71,82,0.47,broken clouds
554,Salekhard,RU,66.53,66.6019,10.11,95,86,4.14,overcast clouds
555,Grand-Lahou,CI,5.1367,-5.0242,81.1,88,99,10.87,overcast clouds
556,Pangnirtung,CA,66.1451,-65.7125,14.0,79,75,11.5,broken clouds
557,Avera,US,33.194,-82.5271,76.51,52,94,4.7,overcast clouds
558,Mahanoro,MG,-19.9,48.8,74.91,89,34,5.28,scattered clouds
559,Miramar,US,25.9873,-80.2323,79.02,81,40,11.5,scattered clouds
560,Umarkot,PK,25.3616,69.7362,75.7,45,30,8.39,scattered clouds
561,Havoysund,NO,70.9963,24.6622,25.03,75,87,11.41,overcast clouds
562,Ende,ID,-8.8432,121.6623,78.69,81,44,1.01,scattered clouds
563,Quang Ngai,VN,15.1167,108.8,69.37,87,100,7.2,overcast clouds
564,Pandan,PH,14.0453,124.1694,79.45,88,99,16.67,overcast clouds
565,Filingue,NE,14.3521,3.3168,88.5,6,98,5.88,overcast clouds
566,Le Moule,GP,16.3332,-61.3473,78.84,100,5,1.99,clear sky
567,Sobolevo,RU,54.4299,31.8996,29.66,90,68,12.3,broken clouds
568,Nioro,GM,13.35,-15.75,79.74,34,0,11.7,clear sky
569,Fairlie,GB,55.756,-4.8556,50.4,92,100,21.16,overcast clouds
570,Kihei,US,20.785,-156.4656,79.97,75,100,4.29,overcast clouds
571,Adrar,MR,20.5022,-10.0711,74.52,24,0,9.64,clear sky
572,Kazanlak,BG,42.6167,25.4,40.17,74,100,0.63,overcast clouds
573,Ranong,TH,9.9658,98.6348,75.97,91,99,4.27,moderate rain
574,Chimichagua,CO,9.2578,-73.8123,78.91,85,100,2.37,overcast clouds
575,Huambo,AO,-12.7761,15.7392,59.36,95,92,1.61,overcast clouds
576,Suntar,RU,62.1444,117.6319,12.2,94,100,4.9,overcast clouds
577,Angoche,MZ,-16.2325,39.9086,77.68,74,2,6.53,clear sky
578,Timrat,IL,32.7036,35.2267,61.75,28,11,3.98,few clouds
579,Kaliua,TZ,-5.0606,31.7936,64.99,94,96,2.37,light rain
580,Lima,PE,-12.0432,-77.0282,66.45,77,0,9.22,clear sky
581,Contamana,PE,-7.3333,-75.0167,81.25,68,100,2.35,overcast clouds
582,Peleduy,RU,59.6289,112.7406,12.6,95,99,3.42,overcast clouds
583,Clyde,US,41.3042,-82.9752,54.81,69,82,11.92,broken clouds
584,Tres Lagoas,BR,-20.7511,-51.6783,79.0,58,18,1.9,light rain
585,Laguna,US,38.421,-121.4238,76.05,45,0,3.0,clear sky
586,Nelson Bay,AU,-32.7167,152.15,71.01,79,0,7.92,clear sky
587,Urumqi,CN,43.801,87.6005,50.95,35,0,4.47,clear sky
588,Apen,DE,53.2167,7.8,44.19,90,100,14.79,overcast clouds
589,Goderich,CA,43.7501,-81.7165,39.52,87,100,9.22,overcast clouds
590,Burns Lake,CA,54.2331,-125.7533,36.82,54,100,4.14,overcast clouds
591,Dhidhdhoo,MV,6.8833,73.1,82.6,71,61,3.09,broken clouds
592,Shihezi,CN,44.3,86.0333,55.58,29,80,3.31,broken clouds
593,Mbandaka,CD,0.0487,18.2603,75.9,75,32,2.53,scattered clouds
594,Butte,US,39.6499,-121.5677,73.38,38,99,5.08,overcast clouds
595,Anuradhapura,LK,8.3565,80.4173,73.36,93,25,3.36,scattered clouds
596,Verkh-Usugli,RU,52.7,115.1667,9.25,71,5,4.09,clear sky
597,Tecoanapa,MX,16.5167,-98.75,82.63,56,1,12.17,clear sky
598,Hovd,MN,48.0056,91.6419,40.64,34,95,5.95,overcast clouds
599,Porto Seguro,BR,-16.4497,-39.0647,81.12,78,20,3.44,few clouds
600,Mabaruma,GY,8.2,-59.7833,75.27,87,99,5.08,overcast clouds
601,Rodrigues Alves,BR,-7.738,-72.6509,86.2,77,96,1.7,overcast clouds
602,Kushikino,JP,31.7167,130.2667,44.06,50,3,3.96,clear sky
603,Spas,UA,48.8899,24.0629,32.65,65,10,18.79,clear sky
604,Osmena,PH,10.5208,119.9258,82.26,80,91,18.39,overcast clouds
605,Les Escoumins,CA,48.1111,-69.0236,33.15,89,45,2.64,scattered clouds
606,Calama,CL,-22.4667,-68.9333,72.09,9,0,20.71,clear sky
607,Te Anau,NZ,-45.4167,167.7167,62.73,83,100,4.0,heavy intensity rain
608,Gravdal,NO,68.1214,13.5031,28.4,48,25,9.24,scattered clouds
609,Dangriga,BZ,16.9692,-88.2321,81.01,78,10,11.54,clear sky
610,Ugoofaaru,MV,5.6667,73.0,82.85,71,70,4.88,broken clouds
611,Svetlogorsk,BY,52.6333,29.7333,31.84,74,63,12.44,broken clouds
612,Abu Samrah,SY,35.3029,37.1841,58.69,39,11,4.16,few clouds
613,Bannu,PK,32.9854,70.6027,76.39,12,41,5.28,scattered clouds
614,Caravelas,BR,-17.7125,-39.2481,76.6,81,1,5.1,clear sky
615,Mataram,ID,-8.5833,116.1167,76.01,81,38,5.53,scattered clouds
616,Haines Junction,CA,60.7522,-137.5108,37.35,44,96,10.36,overcast clouds
617,Saint-Jean-Port-Joli,CA,47.2171,-70.2658,39.0,86,12,4.7,few clouds
618,Glogow,PL,51.6636,16.0845,39.63,96,100,21.97,overcast clouds
619,Antas,PT,41.7364,-8.3089,43.02,62,100,6.78,overcast clouds
620,Hereford,GB,52.0568,-2.7148,54.05,83,100,1.01,overcast clouds
621,Gamboula,CF,4.1178,15.1393,71.55,73,73,2.3,broken clouds
622,Linqing,CN,36.8456,115.7117,55.96,72,73,11.43,broken clouds
623,Manzhouli,CN,49.6,117.4333,18.93,54,78,17.34,broken clouds
624,Clyde River,CA,70.4692,-68.5914,14.23,79,20,4.61,few clouds
625,Spokane,US,47.6166,-117.3677,51.35,34,49,14.0,scattered clouds
626,Nizhniy Kislyay,RU,50.8497,40.1719,32.11,80,55,7.11,broken clouds
627,Donskoye,RU,45.4552,41.9741,41.13,77,99,5.5,overcast clouds
628,Pueblo,US,38.2545,-104.6091,70.57,29,16,8.01,few clouds
629,Ngama,TD,11.7833,17.1667,88.29,39,70,6.55,broken clouds
630,Hambantota,LK,6.1241,81.1185,75.54,100,40,1.14,scattered clouds
631,Sao Felix Do Xingu,BR,-6.6447,-51.995,73.24,96,75,0.67,broken clouds
632,Dingle,PH,10.9995,122.6711,78.12,87,100,8.68,overcast clouds
633,Pontian Kecil,MY,1.4801,103.3899,75.52,87,13,4.41,few clouds
634,Atar,MR,20.5169,-13.0499,72.32,47,0,0.87,clear sky
635,Massakory,TD,12.996,15.7293,86.74,9,40,7.2,scattered clouds
636,Hay River,CA,60.8156,-115.7999,44.58,53,75,5.75,broken clouds
637,Zemaiciu Naumiestis,LT,55.3592,21.7022,35.74,97,100,23.67,overcast clouds
638,Khorinsk,RU,52.1657,109.7726,13.53,79,26,3.62,scattered clouds
639,Filadelfia,US,39.9523,-75.1638,52.7,46,100,5.01,overcast clouds
640,Saint-Francois,FR,46.4154,3.9054,38.64,70,0,5.75,clear sky
641,Banda Aceh,ID,5.5577,95.3222,78.21,78,90,4.7,overcast clouds
642,Wukari,NG,7.85,9.7833,85.05,53,89,10.42,overcast clouds
643,Labuhan,ID,-6.8844,112.2051,76.57,87,44,6.53,scattered clouds
644,Ishim,RU,56.1128,69.4902,39.69,87,100,10.04,overcast clouds
645,Adilabad,IN,19.6667,78.5333,85.35,30,15,6.8,few clouds
646,Hope,US,33.6671,-93.5916,78.08,56,97,4.27,overcast clouds
647,Los Lunas,US,34.8062,-106.7334,72.66,18,6,4.0,clear sky
648,Quatre Cocos,MU,-20.2078,57.7625,78.91,86,96,10.11,light rain
649,Anahuac,MX,27.2333,-100.15,94.33,30,19,10.2,few clouds
650,Pasighat,IN,28.0667,95.3333,67.51,96,100,4.0,overcast clouds
651,Kuliyapitiya,LK,7.4688,80.0401,78.48,95,63,2.24,broken clouds
652,Phalaborwa,ZA,-23.943,31.1411,74.48,89,84,2.53,light rain
653,Kamenka,RU,51.3223,42.7678,29.86,85,24,7.36,few clouds
654,Jambi,ID,-1.6,103.6167,72.25,98,37,2.42,scattered clouds
655,Opuwo,NA,-18.0607,13.84,65.19,67,5,5.93,clear sky
656,Rorvik,NO,64.8621,11.2373,30.25,62,90,2.08,light snow
657,Along,IN,28.1667,94.7667,65.07,99,100,1.03,overcast clouds
658,Hue,VN,16.4667,107.6,66.31,100,75,2.3,mist
659,Jining,CN,35.405,116.5814,54.27,65,100,10.04,overcast clouds
660,Noda,JP,35.9411,139.8581,54.93,70,99,12.5,overcast clouds
661,Bundaberg,AU,-24.85,152.35,79.21,74,4,8.05,clear sky
662,Hobyo,SO,5.3505,48.5268,80.6,74,98,10.2,overcast clouds
663,Orlik,RU,52.5178,99.825,17.98,96,98,2.19,overcast clouds
664,Tokur,RU,53.1333,132.9,14.52,81,100,4.0,overcast clouds
665,Menongue,AO,-14.6585,17.691,62.6,92,34,2.64,scattered clouds
666,Carutapera,BR,-1.195,-46.02,76.8,89,100,4.27,overcast clouds
667,Half Moon Bay,US,37.4636,-122.4286,72.88,78,40,24.16,mist
668,Rantepao,ID,-2.9701,119.8978,67.93,95,99,1.59,overcast clouds
669,Jimenez,MX,28.3333,-105.4,87.24,7,48,25.37,scattered clouds
670,Sakakah,SA,29.9697,40.2064,72.97,16,8,9.08,clear sky
671,Ridgecrest,US,35.6225,-117.6709,85.86,6,40,6.91,scattered clouds
672,Mnogovershinnyy,RU,53.9353,139.9242,24.84,62,55,2.44,broken clouds
673,Mitsamiouli,KM,-11.3847,43.2844,81.18,76,3,4.16,clear sky
674,Broadstairs,GB,51.3591,1.4394,54.0,78,100,7.0,overcast clouds
675,Broome,US,42.2506,-75.833,44.65,65,100,1.99,overcast clouds
676,Fort Payne,US,34.4442,-85.7197,73.31,33,0,0.0,clear sky
677,Conde,BR,-7.2597,-34.9075,76.46,83,0,5.75,clear sky
678,Belmonte,BR,-15.8631,-38.8828,77.27,82,1,6.2,clear sky
679,Rio Hondo,GT,15.0667,-89.5833,97.86,27,20,11.5,few clouds
680,Kargopol,RU,61.5071,38.9456,18.41,95,25,4.7,scattered clouds
681,Dongsheng,CN,39.8161,109.9776,43.05,26,0,5.7,clear sky
682,Diego De Almagro,CL,-26.3667,-70.05,70.12,23,0,4.16,clear sky
683,Nouadhibou,MR,20.931,-17.0347,66.18,88,20,10.36,few clouds
684,Bhandara,IN,21.1667,79.65,83.79,30,12,3.22,few clouds
685,Juan Aldama,MX,24.2908,-103.3944,80.22,8,88,28.14,overcast clouds
686,Baghdad,IQ,33.3406,44.4009,67.91,24,42,6.91,scattered clouds
687,Saquena,PE,-4.6667,-73.5167,79.48,75,91,2.15,overcast clouds
688,Zyryanka,RU,65.75,150.85,1.02,91,100,7.11,overcast clouds
689,Luganville,VU,-15.5333,167.1667,80.55,84,100,9.66,overcast clouds
690,Puerto Escondido,MX,15.85,-97.0667,84.47,58,0,11.27,clear sky
691,Uyuni,BO,-20.4597,-66.825,55.8,32,10,3.44,clear sky
692,Karratha,AU,-20.7377,116.8463,81.75,64,0,8.19,clear sky
693,Mandalgarh,IN,25.2,75.1,77.95,14,4,5.84,clear sky
694,Pareora,NZ,-44.4871,171.2132,64.18,96,100,7.47,light rain
695,Ensenada,MX,31.8667,-116.6167,66.94,76,1,7.72,clear sky
696,Kantabanji,IN,20.4833,82.9167,79.63,38,12,5.61,few clouds
697,Berbera,SO,10.4396,45.0143,80.28,80,34,5.57,scattered clouds
698,Santa Cruz De Tenerife,ES,28.4682,-16.2546,63.64,71,20,17.27,few clouds
699,Lyubytino,RU,58.8122,33.3922,30.92,79,95,11.39,overcast clouds
700,Santa Ana,US,33.7456,-117.8678,82.4,57,1,8.99,clear sky
701,Kiama,AU,-34.6833,150.8667,72.25,70,2,3.91,clear sky
702,Kingaroy,AU,-26.5333,151.8333,73.83,59,0,3.78,light rain
703,Wanxian,CN,30.8039,108.3897,56.32,94,99,3.89,overcast clouds
704,Maniitsoq,GL,65.4167,-52.9,26.46,78,33,2.42,scattered clouds
705,Turukhansk,RU,65.8167,87.9833,24.08,88,100,19.35,overcast clouds
706,Taksimo,RU,56.3444,114.8794,11.97,87,100,4.52,overcast clouds
